id,english_title,portuguese_title,brightness
1,,,0.36005016339869284
2,,,0.49874075418919284
3,,,0.48790954907340167
4,,,0.2530053247459126
